Topic of discussion,Representative tweet id,Another representative tweet id (if any)
vultures,457890293065347073
barack obama,456794163984760832
americans,456811293257641985
chart,457895165202399232
gop,456809746591256576
reg epa,456838085578211328
constitution us,458732905485713409
capitalism,456838085578211328
gw bush,456805491922841602
plants coal industry ash companies,458033505151508480,458035819438018560
