Topic of discussion,Representative tweet id,Another representative tweet id (if any)
barack obama,456794163984760832
vultures,457890293065347073
americans,456811293257641985
chart,457895165202399232
constitution us,458732905485713409
gop,456809746591256576
reg epa,456838085578211328
gw bush,456805491922841602
cut snake,456811001392820224
bros koch,456839256602722305
